<?xml version="1.0" encoding="UTF-8"?>
<ehcache xmlns:xsi="http://www.w3.org/2001/XMLSchema-instance" xsi:noNamespaceSchemaLocation="ehcache.xsd">
	
	<!-- 配置缓存路径 -->
	<diskStore path="java.io.tmpdir"/>
	
	<!-- 配置CacheReplicators  -->
	<!-- 
	<defaultCache  
            maxElementsInMemory="10000"  
            eternal="false"  
            timeToIdleSeconds="120"  
            timeToLiveSeconds="120"  
            overflowToDisk="true"  
            diskPersistent="false"  
            diskExpiryThreadIntervalSeconds="120"  
            memoryStoreEvictionPolicy="LRU">  
        <cacheEventListenerFactory  
                class="net.sf.ehcache.distribution.RMICacheReplicatorFactory" properties="replicateAsynchronously=true,replicatePuts=true, replicateUpdates=true, replicateUpdatesViaCopy=false, replicateRemovals=true "/> 
        <bootstrapCacheLoaderFactory class="net.sf.ehcache.distribution.RMIBootstrapCacheLoaderFactory"/> 
    </defaultCache>  
	 -->
	 
	<cache name="myCache" 
		   maxElementsInMemory="10000"	
		   eternal="true" 
		   timeToIdleSeconds="0"	
		   timeToLiveSeconds="0"	
		   overflowToDisk="true"
		   diskPersistent="false"
		   diskExpiryThreadIntervalSeconds="120"
		   memoryStoreEvictionPolicy="LFU"  >
		<cacheEventListenerFactory class="net.sf.ehcache.distribution.RMICacheReplicatorFactory"/> 
       	<bootstrapCacheLoaderFactory class="net.sf.ehcache.distribution.RMIBootstrapCacheLoaderFactory"
       			properties="bootstrapAsynchronously=true, maximumChunkSizeBytes=5000000"/>
	</cache>
	
	
	<cache name="policyCache" 
		   maxElementsInMemory="10000"	
		   eternal="true" 
		   timeToIdleSeconds="0"	
		   timeToLiveSeconds="0"	
		   overflowToDisk="true"
		   diskPersistent="false"
		   diskExpiryThreadIntervalSeconds="120"
		   memoryStoreEvictionPolicy="LFU"  >
		<cacheEventListenerFactory class="net.sf.ehcache.distribution.RMICacheReplicatorFactory"/> 
       	<bootstrapCacheLoaderFactory class="net.sf.ehcache.distribution.RMIBootstrapCacheLoaderFactory"
       			properties="bootstrapAsynchronously=true, maximumChunkSizeBytes=5000000"/>
	</cache>
	
	
	<cache name="testCache" 
		   maxElementsInMemory="8000"	
		   eternal="true" 
		   timeToIdleSeconds="0"	
		   timeToLiveSeconds="0"	
		   overflowToDisk="true"
		   diskPersistent="false"
		   diskExpiryThreadIntervalSeconds="120"
		   memoryStoreEvictionPolicy="LFU"  >
		<cacheEventListenerFactory class="net.sf.ehcache.distribution.RMICacheReplicatorFactory"/> 
       	<bootstrapCacheLoaderFactory class="net.sf.ehcache.distribution.RMIBootstrapCacheLoaderFactory"
       			properties="bootstrapAsynchronously=true, maximumChunkSizeBytes=5000000"/>
	</cache>
	
	
	<!-- 手动进行成员发现             配置另一个server -->
	<!-- rmiUrls=//另一台service的IP:该service的上ehcache对外通信的端口/该service上配置的缓存名称 -->
 	 <cacheManagerPeerProviderFactory
		class="net.sf.ehcache.distribution.RMICacheManagerPeerProviderFactory"
		properties="peerDiscovery=manual, rmiUrls=//localhost:40002/myCache|testCache|policyCache" />

	<!-- 每个CacheManagerPeerListener监听从成员们发向当前CacheManager的消息 -->
	<!-- properties="hostName=本service的IP, port=与其他service通信的端口" -->
     <cacheManagerPeerListenerFactory
		class="net.sf.ehcache.distribution.RMICacheManagerPeerListenerFactory"
		properties="hostName=localhost, port=40001,socketTimeoutMillis=6000"/> 
</ehcache>