<?xml version="1.0" encoding="UTF-8" ?>
<!DOCTYPE log4j:configuration SYSTEM "http://log4j.dtd">
<log4j:configuration xmlns:log4j="http://jakarta.apache.org/log4j/">
	
	<!-- appender definition -->
	<appender name="stdout" class="org.apache.log4j.ConsoleAppender">
	
		<layout class="org.apache.log4j.PatternLayout">
			<param name="ConversionPattern" value="%d{yyyy/MM/dd-HH:mm:ss} >> %5p >> %l >> %m%n"/>
		</layout>
	</appender>
	<appender name="FileAppender" class="org.apache.log4j.RollingFileAppender">
	    <param name="File" value="${logpath}/logs/oc.log"/>
		<param name="Append" value="true"/>
		<param name="MaxFileSize" value="5MB"/>
		<param name="MaxBackupIndex" value="10"/>		
		<layout class="org.apache.log4j.PatternLayout">
			<param name="ConversionPattern" value="%d{yyyy/MM/dd-HH:mm:ss} >>  %5p >> %l >> %m%n"/>
		</layout>
	</appender>
	<!-- ExceptionFilter异常记录器 -->
	<logger name="ExceptionLogger">
    	<level value="error"/>
    	<appender-ref ref="FileAppender"/>
    </logger>
	
	<!-- logger definition -->
    <root>
		<level value="info"/>
		<appender-ref ref="FileAppender"/>
		<appender-ref ref="stdout"/> 
	</root>
</log4j:configuration>
