<ui-container>
	<!-- 暂不用支持国际化 -->
	<layout-manager class="com.neusoft.aplus.uigenerator.layout.FormLayout" />
	<components>

		<component id="databus_type_label" class="javax.swing.JLabel"
			text="类型:" ignore-internationalization="true">
			<form-data>
				<left percentage="0.065" offset="8" />
				<right percentage="0.2" offset="0" />
				<top percentage="0.0" offset="0" />
				<bottom percentage="0.12" offset="0" />
			</form-data>
		</component>
		
		<component id="databus_alarm_button" class="javax.swing.JRadioButton"
			text="告警" ignore-internationalization="true">
			<form-data>
				<left percentage="0.2" offset="5" />
                <right percentage="0.35" offset="0" />
                <top percentage="0.0" offset="0" />
                <bottom percentage="0.12" offset="0" />
			</form-data>
		</component>
		
		<component id="databus_event_button" class="javax.swing.JRadioButton"
			text="事件" ignore-internationalization="true">
			<form-data>
				<left percentage="0.4" offset="5" />
                 <right percentage="0.55" offset="0" />
                <top percentage="0.0" offset="0" />
                <bottom percentage="0.12" offset="0" />
			</form-data>
		</component>


		
		<component id="databus_level_label" class="javax.swing.JLabel"
			text="告警级别:" ignore-internationalization="true">
			<form-data>
				<left percentage="0" offset="8" />
				<right percentage="0.2" offset="0" />
				<top percentage="0.15" offset="0" />
				<bottom percentage="0.22" offset="0" />
			</form-data>
		</component>
		<component id="databus_level_combobox" class="javax.swing.JComboBox"
			 ignore-internationalization="true">
			<form-data>
				<left percentage="0.2" offset="5" />
                <right percentage="0.96" offset="0" />
                <top percentage="0.14" offset="0" />
                <bottom percentage="0.23" offset="0" />
			</form-data>
		</component>
		
		
		<component id="databus_tri_label" class="javax.swing.JLabel"
			text="触发条件:" ignore-internationalization="true">
			<form-data>
				<left percentage="0" offset="8" />
				<right percentage="0.2" offset="0" />
				<top percentage="0.25" offset="0" />
				<bottom percentage="0.32" offset="0" />
			</form-data>
		</component>
		<component id="databus_tri_every_button" class="javax.swing.JRadioButton"
			text="每次条件满足时" ignore-internationalization="true">
			<form-data>
				<left percentage="0.2" offset="5" />
                <right percentage="0.88" offset="0" />
                <top percentage="0.25" offset="0" />
                <bottom percentage="0.32" offset="0" />
			</form-data>
		</component>
		<component id="databus_tri_count_button" class="javax.swing.JRadioButton"
			text="连续" ignore-internationalization="true">
			<form-data>
				<left percentage="0.2" offset="5" />
                <right percentage="0.35" offset="0" />
                <top percentage="0.35" offset="0" />
                <bottom percentage="0.42" offset="0" />
			</form-data>
		</component>
		<component id="databus_tri_count_spinner" class="javax.swing.JSpinner"
			 ignore-internationalization="true">
			<form-data>
			<left percentage="0.36" offset="5" />
                <right percentage="0.46" offset="0" />
                 <top percentage="0.35" offset="0" />
                <bottom percentage="0.42" offset="0" />
			</form-data>
		</component>
		<component id="databus_tri_count_label" class="javax.swing.JLabel"
			text="次条件满足时" ignore-internationalization="true">
			<form-data>
				<left percentage="0.46" offset="5" />
                <right percentage="0.88" offset="0" />
              <top percentage="0.35" offset="0" />
                <bottom percentage="0.42" offset="0" />
			</form-data>
		</component>
		
		<component id="databus_clear_label" class="javax.swing.JLabel"
			text="清除条件:" ignore-internationalization="true">
			<form-data>
			<left percentage="0" offset="8" />
				<right percentage="0.2" offset="0" />
				<top percentage="0.45" offset="0" />
				<bottom percentage="0.52" offset="0" />
			</form-data>
		</component>
		
		<component id="databus_clear_every_button" class="javax.swing.JRadioButton"
			text="一旦条件不满足则清除通知" ignore-internationalization="true">
			<form-data>
				<left percentage="0.2" offset="5" />
                <right percentage="0.88" offset="0" />
                <top percentage="0.45" offset="0" />
                <bottom percentage="0.52" offset="0" />
			</form-data>
		</component>
		<component id="databus_clear_count_button" class="javax.swing.JRadioButton"
			text="连续" ignore-internationalization="true">
			<form-data>
				<left percentage="0.2" offset="5" />
                <right percentage="0.35" offset="0" />
                <top percentage="0.55" offset="0" />
                <bottom percentage="0.62" offset="0" />
			</form-data>
		</component>
		
		<component id="databus_clear_count_spinner" class="javax.swing.JSpinner"
			 ignore-internationalization="true">
			<form-data>
			<left percentage="0.36" offset="5" />
                <right percentage="0.46" offset="0" />
                <top percentage="0.55" offset="0" />
                <bottom percentage="0.62" offset="0" />
			</form-data>
		</component>
		<component id="databus_clear_count_label" class="javax.swing.JLabel"
			text="次不满足条件时清除通知" ignore-internationalization="true">
			<form-data>
				<left percentage="0.46" offset="5" />
                <right percentage="0.88" offset="0" />
                <top percentage="0.55" offset="0" />
                <bottom percentage="0.62" offset="0" />
			</form-data>
		</component>
		
		
		<component id="databus_context_label" class="javax.swing.JLabel"
			text="内容:" ignore-internationalization="true">
			<form-data>
				<left percentage="0.065" offset="8" />
				<right percentage="0.2" offset="0" />
				<top percentage="0.70" offset="0" />
				<bottom percentage="0.77" offset="0" />
			</form-data>
		</component>
		<component id="databus_context_area" class="javax.swing.JTextArea"
			 ignore-internationalization="true">
			<form-data>
				<left percentage="0.2" offset="5" />
                <right percentage="0.68" offset="0" />
                <top percentage="0.70" offset="0" />
                <bottom percentage="0.96" offset="0" />
			</form-data>
		</component>
		<component id="databus_add_button" class="javax.swing.JButton"
			text="添加参数" ignore-internationalization="true">
			<form-data>
				<left percentage="0.7" offset="5" />
                <right percentage="0.96" offset="0" />
                <top percentage="0.70" offset="0" />
                <bottom percentage="0.81" offset="0" />
			</form-data>
		</component>



	</components>
</ui-container>