<ui-container>
	<!-- 暂不用支持国际化 -->
	<layout-manager class="com.neusoft.aplus.uigenerator.layout.FormLayout" />
	<components>
			
		 <component id="databus_node_ip_label" class="javax.swing.JLabel" text="IP地址:"  horizontalAlignment ="4"  ignore-internationalization="true" >
            <form-data>
                <left percentage="0" offset="8" />
                <right percentage="0.2" offset="0" />
                <top percentage="0.2" offset="0" />
                <bottom percentage="0.32" offset="0" />
            </form-data>
        </component>
       
        <component id="databus_node_ip_field" class="javax.swing.JTextField" >
            <form-data>
                <left percentage="0.2" offset="10" />
                <right percentage="0.88" offset="0" />
                <top percentage="0.2" offset="0" />
                <bottom percentage="0.32" offset="0" />
            </form-data>
        </component> 
        
		<component id="databus_node_port_label" class="javax.swing.JLabel" text="端口:"  horizontalAlignment ="4"  ignore-internationalization="true" >
            <form-data>
                <left percentage="0" offset="8" />
                <right percentage="0.2" offset="0" />
                <top percentage="0.3" offset="16" />
                <bottom percentage="0.42" offset="16" />
            </form-data>
        </component> 
        
        <component id="databus_noder_port_field" class="javax.swing.JTextField" >
            <form-data>
                <left percentage="0.2" offset="10" />
                <right percentage="0.88" offset="0" />
                <top percentage="0.3" offset="16" />
                <bottom percentage="0.42" offset="16" />
            </form-data>
        </component> 
        
          <component id="confirm_button" class="javax.swing.JButton" text="确认" ignore-internationalization="true">
            <form-data>
                <left percentage="0.61" offset="0" />
                <right percentage="0.78" offset="0" />
                <top percentage="0.77" offset="0" />
                <bottom percentage="0.93" offset="0" />
            </form-data>
        </component>
        
        <component id="cancel_button" class="javax.swing.JButton" text="取消" ignore-internationalization="true">
            <form-data>
                <left percentage="0.8" offset="0" />
                <right percentage="0.97" offset="0" />
                <top percentage="0.77" offset="0" />
                <bottom percentage="0.93" offset="0" />
            </form-data>
        </component>
		
	</components>
</ui-container>