<ui-container>
	<!-- 暂不用支持国际化 -->
	<layout-manager class="com.neusoft.aplus.uigenerator.layout.FormLayout" />
	<components>

		<component id="databus_navigation_label" class="javax.swing.JLabel"
			text=">" horizontalAlignment="2" ignore-internationalization="true">
			<form-data>
				<left percentage="0" offset="0" />
				<right percentage="1" offset="0" />
				<top percentage="0" offset="0" />
				<bottom percentage="0" offset="25" />
			</form-data>
		</component>

		<component id="databus_workspace_pane" class="javax.swing.JPanel">
			<form-data>
				<left percentage="0" offset="0" />
				<right percentage="1" offset="0" />
				<top percentage="0" offset="25" />
				<bottom percentage="1" offset="0" />
			</form-data>
		</component>

	</components>
</ui-container>