<ui-container>
	<!-- 暂不用支持国际化 -->
	<layout-manager class="com.neusoft.aplus.uigenerator.layout.FormLayout" />
	<components>
		<component id="main_menubar" class="javax.swing.JMenuBar"
			ignore-internationalization="true">
			<form-data>
				<left percentage="0" offset="0" />
				<right percentage="1" offset="0" />
				<top percentage="0" offset="0" />
				<bottom percentage="0" offset="30" />
			</form-data>
		</component>

		<component id="main_workspace_panel" class="javax.swing.JSplitPane">
			<form-data>
				<left percentage="0" offset="0" />
				<right percentage="1" offset="0" />
				<top percentage="0" offset="30" />
				<bottom percentage="1" offset="-30" />
			</form-data>
		</component>
		
		<component id="main_status_bar" class="javax.swing.JToolBar" ignore-internationalization="true">
			<form-data>
				<left percentage="0" offset="5" />
				<right percentage="1" offset="0" />
				<top percentage="1" offset="-30" />
				<bottom percentage="1" offset="0" />
			</form-data>
		</component>
	</components>
</ui-container>