<ui-container>
	<!-- 暂不用支持国际化 -->
	<layout-manager class="com.neusoft.aplus.uigenerator.layout.FormLayout" />
	<components>
	
		<component id="databus_node_label" class="javax.swing.JLabel"
			text="DataBus节点"  horizontalAlignment="2"  verticalAlignment="3" ignore-internationalization="true">
			<form-data>
				<left percentage="0" offset="5" />
				<right percentage="1" offset="0" />
				<top percentage="0" offset="0" />
				<bottom percentage="0" offset="25" />
			</form-data>
		</component>
	
		<component id="databus_node_scrollpane" class="javax.swing.JScrollPane">
			<form-data>
				<left percentage="0" offset="5" />
				<right percentage="1" offset="0" />
				<top percentage="0" offset="30" />
				<bottom percentage="1" offset="0" />
			</form-data>
		</component>
		
	</components>
</ui-container>